feature,importance
hbd,0.02774638496339321
tpsa,0.023079760372638702
morgan_1693,0.019346876069903374
morgan_177,0.018550880253314972
morgan_1754,0.017172982916235924
morgan_357,0.016581639647483826
morgan_1096,0.016195673495531082
morgan_946,0.014697394333779812
morgan_1345,0.01450525876134634
morgan_1750,0.014031772501766682
morgan_888,0.012433512136340141
morgan_1627,0.012196349911391735
morgan_173,0.010961472056806087
molecular_weight,0.010829092003405094
morgan_80,0.010416791774332523
morgan_1747,0.010398520156741142
morgan_1978,0.010346727445721626
morgan_1083,0.009841237217187881
morgan_1164,0.009797181002795696
morgan_493,0.009464447386562824
morgan_1436,0.009136537089943886
morgan_1019,0.009099422954022884
morgan_964,0.008811799809336662
logp,0.00848169345408678
morgan_1908,0.008481516502797604
morgan_1297,0.008248869329690933
morgan_43,0.008234784007072449
morgan_1405,0.008225851692259312
morgan_1049,0.007825925946235657
morgan_1163,0.007708007004112005
morgan_1560,0.007486233487725258
morgan_1145,0.007416551932692528
morgan_1344,0.007339277770370245
morgan_699,0.007127361837774515
morgan_1476,0.007098140195012093
morgan_881,0.006995331961661577
morgan_119,0.0069609833881258965
morgan_1603,0.006707793101668358
morgan_378,0.006704483646899462
morgan_1199,0.006507520563900471
morgan_464,0.006429309491068125
morgan_1045,0.006371662952005863
morgan_1162,0.006341380998492241
morgan_675,0.006306055001914501
morgan_1114,0.006255440879613161
morgan_283,0.006244922522455454
molar_refractivity,0.006239663809537888
morgan_1564,0.0059352656826376915
morgan_94,0.005904871039092541
morgan_92,0.005866768304258585
morgan_1859,0.005849708337336779
morgan_1524,0.005826597101986408
morgan_350,0.005723046138882637
heavy_atom_count,0.005702101159840822
morgan_1802,0.005669367033988237
morgan_623,0.005566638894379139
morgan_1842,0.0054658930748701096
morgan_389,0.005460616201162338
aromatic_ring_count,0.005414001643657684
morgan_1876,0.0053439876064658165
morgan_1104,0.005321396514773369
rotatable_bonds,0.005294065456837416
morgan_649,0.005213680677115917
morgan_1937,0.005097343120723963
morgan_1357,0.005050220061093569
morgan_216,0.005028577521443367
morgan_1027,0.0049668001011013985
morgan_1077,0.0049660224467515945
morgan_1325,0.004853066988289356
morgan_1722,0.004838337190449238
high_tpsa_flag,0.004832628648728132
morgan_1508,0.004801072180271149
morgan_694,0.0047632246278226376
morgan_1287,0.004760557785630226
morgan_1517,0.00473653944209218
morgan_1088,0.004704572726041079
morgan_1440,0.004695022478699684
ring_count,0.0046900734305381775
morgan_1733,0.004635398276150227
morgan_780,0.00460014957934618
morgan_1879,0.004564882256090641
morgan_716,0.0044914474710822105
morgan_1060,0.004481085110455751
morgan_1847,0.004452608525753021
morgan_114,0.004437353927642107
morgan_1422,0.0044220141135156155
morgan_1921,0.004374801646918058
morgan_606,0.00434364378452301
morgan_926,0.004329222720116377
morgan_118,0.004328640177845955
morgan_1866,0.004316962789744139
morgan_1737,0.004305681679397821
morgan_1885,0.0041824085637927055
morgan_680,0.004108547233045101
morgan_157,0.00408264622092247
morgan_917,0.004056609235703945
morgan_1452,0.00404855702072382
morgan_1160,0.004040112253278494
morgan_82,0.004017687868326902
morgan_1085,0.003962127957493067
morgan_1697,0.003932518884539604
morgan_1292,0.003918117377907038
morgan_214,0.003892488544806838
morgan_744,0.003800869919359684
morgan_1057,0.003767674323171377
morgan_552,0.0036971885710954666
heteroatom_count,0.0036444636061787605
morgan_145,0.003602586919441819
morgan_1149,0.0035926825366914272
morgan_202,0.0035653370432555676
morgan_718,0.0035297998692840338
morgan_786,0.0034903495106846094
hba,0.00348613690584898
morgan_1171,0.003457501996308565
morgan_1810,0.0034245257265865803
morgan_1910,0.0034126974642276764
morgan_1634,0.0034006682690232992
morgan_872,0.003377011977136135
morgan_1683,0.0033756725024431944
morgan_176,0.003366783494129777
morgan_1853,0.0033556942362338305
morgan_806,0.0033449758775532246
morgan_1844,0.0033000276889652014
morgan_525,0.0032985114958137274
morgan_4,0.003288665320724249
morgan_1328,0.003232730319723487
morgan_2044,0.0032076078932732344
morgan_296,0.00316023756749928
morgan_935,0.003111785277724266
morgan_1738,0.0030980184674263
morgan_715,0.003068381454795599
morgan_1410,0.0030338831711560488
morgan_787,0.0030177219305187464
fraction_csp3,0.0029775488656014204
morgan_102,0.0029662558808922768
morgan_106,0.0029512292239814997
morgan_656,0.0029301405884325504
morgan_1470,0.0028775103855878115
morgan_45,0.0028428733348846436
morgan_1456,0.0028301901184022427
morgan_1457,0.0028259563259780407
morgan_1135,0.0027757121715694666
morgan_828,0.0027509424835443497
morgan_344,0.0027434187941253185
morgan_1928,0.002742179436609149
morgan_314,0.002741150325164199
morgan_1915,0.0027113156393170357
morgan_1819,0.002669017296284437
morgan_1855,0.0026652917731553316
morgan_847,0.0026508145965635777
morgan_573,0.0026490502059459686
morgan_1208,0.0026233834214508533
morgan_740,0.0025943885557353497
morgan_1951,0.0025709886103868484
morgan_1849,0.002566232578828931
morgan_751,0.0025476806331425905
morgan_1430,0.002547548385336995
morgan_203,0.0025129192508757114
morgan_440,0.0025099655613303185
morgan_1604,0.002504249569028616
morgan_695,0.002434727270156145
morgan_322,0.00242595374584198
morgan_1542,0.002401350997388363
morgan_1005,0.00229375041089952
morgan_1211,0.0022253943607211113
morgan_1917,0.0022167463321238756
morgan_652,0.0022018463350832462
morgan_800,0.002158672548830509
morgan_1519,0.0021302865352481604
morgan_5,0.002011245582252741
morgan_561,0.0019923876971006393
morgan_507,0.0019513759762048721
morgan_781,0.0019207781879231334
morgan_310,0.0019039562903344631
morgan_1854,0.0018815568182617426
morgan_252,0.0018588347593322396
morgan_1970,0.0018537587020546198
morgan_1851,0.0016442214837297797
morgan_1050,0.0016416629077866673
morgan_519,0.0015816730447113514
morgan_233,0.0015068429056555033
morgan_826,0.0014509414322674274
lipinski_violations,0.0014489212771877646
morgan_1385,0.0014240432064980268
morgan_352,0.0014011603780090809
morgan_1212,0.0013812307734042406
morgan_804,0.0013497998006641865
morgan_1911,0.0013311556540429592
morgan_971,0.0013048640685155988
morgan_1791,0.0012530016247183084
morgan_486,0.0012434612726792693
morgan_653,0.0011869424488395452
morgan_180,0.0011208591749891639
morgan_1028,0.0011109296465292573
morgan_1480,0.0010858576279133558
morgan_1,0.001040115486830473
morgan_165,0.001029822276905179
morgan_1783,0.0010224743746221066
morgan_435,0.0009548002271912992
morgan_1984,0.0009349621832370758
morgan_1676,0.000929966859985143
morgan_1152,0.000731094682123512
morgan_875,0.0007019492913968861
morgan_101,0.0005397702916525304
morgan_441,0.00038155706715770066
morgan_164,0.000363145605660975
morgan_328,0.00019106797117274255
morgan_130,1.266824529011501e-05
morgan_100,0.0
morgan_99,0.0
morgan_98,0.0
morgan_97,0.0
morgan_96,0.0
morgan_127,0.0
morgan_126,0.0
morgan_125,0.0
morgan_124,0.0
morgan_123,0.0
morgan_122,0.0
morgan_121,0.0
morgan_120,0.0
morgan_117,0.0
morgan_116,0.0
morgan_115,0.0
morgan_113,0.0
morgan_112,0.0
morgan_143,0.0
morgan_142,0.0
morgan_141,0.0
morgan_140,0.0
morgan_139,0.0
morgan_138,0.0
morgan_137,0.0
morgan_136,0.0
morgan_135,0.0
morgan_134,0.0
morgan_133,0.0
morgan_132,0.0
morgan_131,0.0
morgan_129,0.0
morgan_128,0.0
morgan_159,0.0
morgan_158,0.0
morgan_156,0.0
morgan_155,0.0
morgan_154,0.0
morgan_153,0.0
morgan_152,0.0
morgan_151,0.0
morgan_150,0.0
morgan_149,0.0
morgan_148,0.0
morgan_147,0.0
morgan_146,0.0
morgan_144,0.0
morgan_175,0.0
morgan_174,0.0
morgan_172,0.0
morgan_171,0.0
morgan_170,0.0
morgan_169,0.0
morgan_168,0.0
morgan_167,0.0
morgan_166,0.0
morgan_163,0.0
morgan_162,0.0
morgan_161,0.0
morgan_160,0.0
morgan_191,0.0
morgan_190,0.0
morgan_189,0.0
morgan_188,0.0
morgan_187,0.0
morgan_186,0.0
morgan_185,0.0
morgan_184,0.0
morgan_183,0.0
morgan_182,0.0
morgan_181,0.0
morgan_179,0.0
morgan_178,0.0
morgan_207,0.0
morgan_206,0.0
morgan_205,0.0
morgan_204,0.0
morgan_201,0.0
morgan_200,0.0
morgan_199,0.0
morgan_198,0.0
morgan_197,0.0
morgan_196,0.0
morgan_195,0.0
morgan_194,0.0
morgan_193,0.0
morgan_192,0.0
morgan_223,0.0
morgan_222,0.0
morgan_221,0.0
morgan_220,0.0
morgan_219,0.0
morgan_218,0.0
morgan_217,0.0
morgan_215,0.0
morgan_213,0.0
morgan_212,0.0
morgan_211,0.0
morgan_210,0.0
morgan_209,0.0
morgan_208,0.0
morgan_239,0.0
morgan_238,0.0
morgan_237,0.0
morgan_236,0.0
morgan_235,0.0
morgan_234,0.0
morgan_232,0.0
morgan_231,0.0
morgan_230,0.0
morgan_229,0.0
morgan_228,0.0
morgan_227,0.0
morgan_226,0.0
morgan_225,0.0
morgan_224,0.0
morgan_255,0.0
morgan_254,0.0
morgan_253,0.0
morgan_251,0.0
morgan_250,0.0
morgan_249,0.0
morgan_248,0.0
morgan_247,0.0
morgan_246,0.0
morgan_245,0.0
morgan_244,0.0
morgan_243,0.0
morgan_242,0.0
morgan_241,0.0
morgan_240,0.0
morgan_271,0.0
morgan_270,0.0
morgan_269,0.0
morgan_268,0.0
morgan_267,0.0
morgan_266,0.0
morgan_265,0.0
morgan_264,0.0
morgan_263,0.0
morgan_262,0.0
morgan_261,0.0
morgan_260,0.0
morgan_259,0.0
morgan_258,0.0
morgan_257,0.0
morgan_256,0.0
morgan_287,0.0
morgan_286,0.0
morgan_285,0.0
morgan_284,0.0
morgan_282,0.0
morgan_281,0.0
morgan_280,0.0
morgan_279,0.0
morgan_278,0.0
morgan_277,0.0
morgan_276,0.0
morgan_275,0.0
morgan_274,0.0
morgan_273,0.0
morgan_272,0.0
morgan_303,0.0
morgan_302,0.0
morgan_301,0.0
morgan_300,0.0
morgan_299,0.0
morgan_298,0.0
morgan_297,0.0
morgan_295,0.0
morgan_294,0.0
morgan_293,0.0
morgan_292,0.0
morgan_291,0.0
morgan_290,0.0
morgan_289,0.0
morgan_288,0.0
morgan_319,0.0
morgan_318,0.0
morgan_317,0.0
morgan_316,0.0
morgan_315,0.0
morgan_313,0.0
morgan_312,0.0
morgan_311,0.0
morgan_309,0.0
morgan_308,0.0
morgan_307,0.0
morgan_306,0.0
morgan_305,0.0
morgan_304,0.0
morgan_335,0.0
morgan_334,0.0
morgan_333,0.0
morgan_332,0.0
morgan_331,0.0
morgan_330,0.0
morgan_329,0.0
morgan_327,0.0
morgan_326,0.0
morgan_325,0.0
morgan_324,0.0
morgan_323,0.0
morgan_321,0.0
morgan_320,0.0
morgan_351,0.0
morgan_349,0.0
morgan_348,0.0
morgan_347,0.0
morgan_346,0.0
morgan_345,0.0
morgan_343,0.0
morgan_342,0.0
morgan_341,0.0
morgan_340,0.0
morgan_339,0.0
morgan_338,0.0
morgan_337,0.0
morgan_336,0.0
morgan_367,0.0
morgan_366,0.0
morgan_365,0.0
morgan_364,0.0
morgan_363,0.0
morgan_362,0.0
morgan_361,0.0
morgan_360,0.0
morgan_359,0.0
morgan_358,0.0
morgan_356,0.0
morgan_355,0.0
morgan_354,0.0
morgan_353,0.0
morgan_383,0.0
morgan_382,0.0
morgan_381,0.0
morgan_380,0.0
morgan_379,0.0
morgan_377,0.0
morgan_376,0.0
morgan_375,0.0
morgan_374,0.0
morgan_373,0.0
morgan_372,0.0
morgan_371,0.0
morgan_370,0.0
morgan_369,0.0
morgan_368,0.0
morgan_399,0.0
morgan_398,0.0
morgan_397,0.0
morgan_396,0.0
morgan_395,0.0
morgan_394,0.0
morgan_393,0.0
morgan_392,0.0
morgan_391,0.0
morgan_390,0.0
morgan_388,0.0
morgan_387,0.0
morgan_386,0.0
morgan_385,0.0
morgan_384,0.0
morgan_415,0.0
morgan_414,0.0
morgan_413,0.0
morgan_412,0.0
morgan_411,0.0
morgan_410,0.0
morgan_409,0.0
morgan_408,0.0
morgan_407,0.0
morgan_406,0.0
morgan_405,0.0
morgan_404,0.0
morgan_403,0.0
morgan_402,0.0
morgan_401,0.0
morgan_400,0.0
morgan_431,0.0
morgan_430,0.0
morgan_429,0.0
morgan_428,0.0
morgan_427,0.0
morgan_426,0.0
morgan_425,0.0
morgan_424,0.0
morgan_423,0.0
morgan_422,0.0
morgan_421,0.0
morgan_420,0.0
morgan_419,0.0
morgan_418,0.0
morgan_417,0.0
morgan_416,0.0
morgan_447,0.0
morgan_446,0.0
morgan_445,0.0
morgan_444,0.0
morgan_443,0.0
morgan_442,0.0
morgan_439,0.0
morgan_438,0.0
morgan_437,0.0
morgan_436,0.0
morgan_434,0.0
morgan_433,0.0
morgan_432,0.0
morgan_463,0.0
morgan_462,0.0
morgan_461,0.0
morgan_460,0.0
morgan_459,0.0
morgan_458,0.0
morgan_457,0.0
morgan_456,0.0
morgan_455,0.0
morgan_454,0.0
morgan_453,0.0
morgan_452,0.0
morgan_451,0.0
morgan_450,0.0
morgan_449,0.0
morgan_448,0.0
morgan_479,0.0
morgan_478,0.0
morgan_477,0.0
morgan_476,0.0
morgan_475,0.0
morgan_474,0.0
morgan_473,0.0
morgan_472,0.0
morgan_471,0.0
morgan_470,0.0
morgan_469,0.0
morgan_468,0.0
morgan_467,0.0
morgan_466,0.0
morgan_465,0.0
morgan_495,0.0
morgan_494,0.0
morgan_492,0.0
morgan_491,0.0
morgan_490,0.0
morgan_489,0.0
morgan_488,0.0
morgan_487,0.0
morgan_485,0.0
morgan_484,0.0
morgan_483,0.0
morgan_482,0.0
morgan_481,0.0
morgan_480,0.0
morgan_511,0.0
morgan_510,0.0
morgan_509,0.0
morgan_508,0.0
morgan_506,0.0
morgan_505,0.0
morgan_504,0.0
morgan_503,0.0
morgan_502,0.0
morgan_501,0.0
morgan_500,0.0
morgan_499,0.0
morgan_498,0.0
morgan_497,0.0
morgan_496,0.0
morgan_527,0.0
morgan_526,0.0
morgan_524,0.0
morgan_523,0.0
morgan_522,0.0
morgan_521,0.0
morgan_520,0.0
morgan_518,0.0
morgan_517,0.0
morgan_516,0.0
morgan_515,0.0
morgan_514,0.0
morgan_513,0.0
morgan_512,0.0
morgan_543,0.0
morgan_542,0.0
morgan_541,0.0
morgan_540,0.0
morgan_539,0.0
morgan_538,0.0
morgan_537,0.0
morgan_536,0.0
morgan_535,0.0
morgan_534,0.0
morgan_533,0.0
morgan_532,0.0
morgan_531,0.0
morgan_530,0.0
morgan_529,0.0
morgan_528,0.0
morgan_559,0.0
morgan_558,0.0
morgan_557,0.0
morgan_556,0.0
morgan_555,0.0
morgan_554,0.0
morgan_553,0.0
morgan_551,0.0
morgan_550,0.0
morgan_549,0.0
morgan_548,0.0
morgan_547,0.0
morgan_546,0.0
morgan_545,0.0
morgan_544,0.0
morgan_575,0.0
morgan_574,0.0
morgan_572,0.0
morgan_571,0.0
morgan_570,0.0
morgan_569,0.0
morgan_568,0.0
morgan_567,0.0
morgan_566,0.0
morgan_565,0.0
morgan_564,0.0
morgan_563,0.0
morgan_562,0.0
morgan_560,0.0
morgan_591,0.0
morgan_590,0.0
morgan_589,0.0
morgan_588,0.0
morgan_587,0.0
morgan_586,0.0
morgan_585,0.0
morgan_584,0.0
morgan_583,0.0
morgan_582,0.0
morgan_581,0.0
morgan_580,0.0
morgan_579,0.0
morgan_578,0.0
morgan_577,0.0
morgan_576,0.0
morgan_607,0.0
morgan_605,0.0
morgan_604,0.0
morgan_603,0.0
morgan_602,0.0
morgan_601,0.0
morgan_600,0.0
morgan_599,0.0
morgan_598,0.0
morgan_597,0.0
morgan_596,0.0
morgan_595,0.0
morgan_594,0.0
morgan_593,0.0
morgan_592,0.0
morgan_622,0.0
morgan_621,0.0
morgan_620,0.0
morgan_619,0.0
morgan_618,0.0
morgan_617,0.0
morgan_616,0.0
morgan_615,0.0
morgan_614,0.0
morgan_613,0.0
morgan_612,0.0
morgan_611,0.0
morgan_610,0.0
morgan_609,0.0
morgan_608,0.0
morgan_639,0.0
morgan_638,0.0
morgan_637,0.0
morgan_636,0.0
morgan_635,0.0
morgan_634,0.0
morgan_633,0.0
morgan_632,0.0
morgan_631,0.0
morgan_630,0.0
morgan_629,0.0
morgan_628,0.0
morgan_627,0.0
morgan_626,0.0
morgan_625,0.0
morgan_624,0.0
morgan_655,0.0
morgan_654,0.0
morgan_651,0.0
morgan_650,0.0
morgan_648,0.0
morgan_647,0.0
morgan_646,0.0
morgan_645,0.0
morgan_644,0.0
morgan_643,0.0
morgan_642,0.0
morgan_641,0.0
morgan_640,0.0
morgan_671,0.0
morgan_670,0.0
morgan_669,0.0
morgan_668,0.0
morgan_667,0.0
morgan_666,0.0
morgan_665,0.0
morgan_664,0.0
morgan_663,0.0
morgan_662,0.0
morgan_661,0.0
morgan_660,0.0
morgan_659,0.0
morgan_658,0.0
morgan_657,0.0
morgan_687,0.0
morgan_686,0.0
morgan_685,0.0
morgan_684,0.0
morgan_683,0.0
morgan_682,0.0
morgan_681,0.0
morgan_679,0.0
morgan_678,0.0
morgan_677,0.0
morgan_676,0.0
morgan_674,0.0
morgan_673,0.0
morgan_672,0.0
morgan_703,0.0
morgan_702,0.0
morgan_701,0.0
morgan_700,0.0
morgan_698,0.0
morgan_697,0.0
morgan_696,0.0
morgan_693,0.0
morgan_692,0.0
morgan_691,0.0
morgan_690,0.0
morgan_689,0.0
morgan_688,0.0
morgan_719,0.0
morgan_717,0.0
morgan_714,0.0
morgan_713,0.0
morgan_712,0.0
morgan_711,0.0
morgan_710,0.0
morgan_709,0.0
morgan_708,0.0
morgan_707,0.0
morgan_706,0.0
morgan_705,0.0
morgan_704,0.0
morgan_735,0.0
morgan_734,0.0
morgan_733,0.0
morgan_732,0.0
morgan_731,0.0
morgan_730,0.0
morgan_729,0.0
morgan_728,0.0
morgan_727,0.0
morgan_726,0.0
morgan_725,0.0
morgan_724,0.0
morgan_723,0.0
morgan_722,0.0
morgan_721,0.0
morgan_720,0.0
morgan_750,0.0
morgan_749,0.0
morgan_748,0.0
morgan_747,0.0
morgan_746,0.0
morgan_745,0.0
morgan_743,0.0
morgan_742,0.0
morgan_741,0.0
morgan_739,0.0
morgan_738,0.0
morgan_737,0.0
morgan_736,0.0
morgan_767,0.0
morgan_766,0.0
morgan_765,0.0
morgan_764,0.0
morgan_763,0.0
morgan_762,0.0
morgan_761,0.0
morgan_760,0.0
morgan_759,0.0
morgan_758,0.0
morgan_757,0.0
morgan_756,0.0
morgan_755,0.0
morgan_754,0.0
morgan_753,0.0
morgan_752,0.0
morgan_783,0.0
morgan_782,0.0
morgan_779,0.0
morgan_778,0.0
morgan_777,0.0
morgan_776,0.0
morgan_775,0.0
morgan_774,0.0
morgan_773,0.0
morgan_772,0.0
morgan_771,0.0
morgan_770,0.0
morgan_769,0.0
morgan_768,0.0
morgan_798,0.0
morgan_797,0.0
morgan_796,0.0
morgan_795,0.0
morgan_794,0.0
morgan_793,0.0
morgan_792,0.0
morgan_791,0.0
morgan_790,0.0
morgan_789,0.0
morgan_788,0.0
morgan_785,0.0
morgan_784,0.0
morgan_815,0.0
morgan_814,0.0
morgan_813,0.0
morgan_812,0.0
morgan_811,0.0
morgan_810,0.0
morgan_809,0.0
morgan_808,0.0
morgan_807,0.0
morgan_805,0.0
morgan_803,0.0
morgan_802,0.0
morgan_801,0.0
morgan_831,0.0
morgan_830,0.0
morgan_829,0.0
morgan_827,0.0
morgan_825,0.0
morgan_824,0.0
morgan_823,0.0
morgan_822,0.0
morgan_821,0.0
morgan_820,0.0
morgan_819,0.0
morgan_818,0.0
morgan_817,0.0
morgan_816,0.0
morgan_846,0.0
morgan_845,0.0
morgan_844,0.0
morgan_843,0.0
morgan_842,0.0
morgan_841,0.0
morgan_840,0.0
morgan_839,0.0
morgan_838,0.0
morgan_837,0.0
morgan_836,0.0
morgan_835,0.0
morgan_834,0.0
morgan_833,0.0
morgan_832,0.0
morgan_863,0.0
morgan_862,0.0
morgan_861,0.0
morgan_860,0.0
morgan_859,0.0
morgan_858,0.0
morgan_857,0.0
morgan_856,0.0
morgan_855,0.0
morgan_854,0.0
morgan_853,0.0
morgan_852,0.0
morgan_851,0.0
morgan_850,0.0
morgan_849,0.0
morgan_848,0.0
morgan_879,0.0
morgan_878,0.0
morgan_877,0.0
morgan_876,0.0
morgan_874,0.0
morgan_873,0.0
morgan_871,0.0
morgan_870,0.0
morgan_869,0.0
morgan_868,0.0
morgan_867,0.0
morgan_866,0.0
morgan_865,0.0
morgan_864,0.0
morgan_895,0.0
morgan_894,0.0
morgan_893,0.0
morgan_892,0.0
morgan_891,0.0
morgan_890,0.0
morgan_889,0.0
morgan_887,0.0
morgan_886,0.0
morgan_885,0.0
morgan_884,0.0
morgan_19,0.0
morgan_18,0.0
morgan_17,0.0
morgan_16,0.0
morgan_47,0.0
morgan_46,0.0
morgan_44,0.0
morgan_42,0.0
morgan_41,0.0
morgan_40,0.0
morgan_39,0.0
morgan_38,0.0
morgan_37,0.0
morgan_36,0.0
morgan_883,0.0
morgan_882,0.0
morgan_880,0.0
morgan_911,0.0
morgan_910,0.0
morgan_909,0.0
morgan_908,0.0
morgan_907,0.0
morgan_906,0.0
morgan_905,0.0
morgan_904,0.0
morgan_903,0.0
morgan_902,0.0
morgan_901,0.0
morgan_900,0.0
morgan_899,0.0
morgan_898,0.0
morgan_897,0.0
morgan_896,0.0
morgan_927,0.0
morgan_925,0.0
morgan_924,0.0
morgan_923,0.0
morgan_922,0.0
morgan_921,0.0
morgan_920,0.0
morgan_919,0.0
morgan_918,0.0
morgan_916,0.0
morgan_915,0.0
morgan_914,0.0
morgan_913,0.0
morgan_912,0.0
morgan_943,0.0
morgan_942,0.0
morgan_941,0.0
morgan_940,0.0
morgan_939,0.0
morgan_938,0.0
morgan_937,0.0
morgan_936,0.0
morgan_934,0.0
morgan_933,0.0
morgan_932,0.0
morgan_931,0.0
morgan_930,0.0
morgan_929,0.0
morgan_928,0.0
morgan_959,0.0
morgan_958,0.0
morgan_957,0.0
morgan_956,0.0
morgan_955,0.0
morgan_954,0.0
morgan_953,0.0
morgan_952,0.0
morgan_951,0.0
morgan_950,0.0
morgan_949,0.0
morgan_948,0.0
morgan_947,0.0
morgan_945,0.0
morgan_944,0.0
morgan_975,0.0
morgan_974,0.0
morgan_973,0.0
morgan_972,0.0
morgan_970,0.0
morgan_969,0.0
morgan_968,0.0
morgan_967,0.0
morgan_966,0.0
morgan_965,0.0
morgan_963,0.0
morgan_962,0.0
morgan_961,0.0
morgan_960,0.0
morgan_991,0.0
morgan_990,0.0
morgan_989,0.0
morgan_988,0.0
morgan_987,0.0
morgan_986,0.0
morgan_985,0.0
morgan_984,0.0
morgan_983,0.0
morgan_982,0.0
morgan_981,0.0
morgan_980,0.0
morgan_979,0.0
morgan_978,0.0
morgan_977,0.0
morgan_976,0.0
morgan_1007,0.0
morgan_1006,0.0
morgan_1004,0.0
morgan_1003,0.0
morgan_1002,0.0
morgan_1001,0.0
morgan_1000,0.0
morgan_999,0.0
morgan_998,0.0
morgan_997,0.0
morgan_996,0.0
morgan_995,0.0
morgan_994,0.0
morgan_993,0.0
morgan_992,0.0
morgan_1023,0.0
morgan_1022,0.0
morgan_1021,0.0
morgan_1020,0.0
morgan_1018,0.0
morgan_1017,0.0
morgan_1016,0.0
morgan_1015,0.0
morgan_1014,0.0
morgan_1013,0.0
morgan_1012,0.0
morgan_1011,0.0
morgan_1010,0.0
morgan_1009,0.0
morgan_1008,0.0
morgan_1039,0.0
morgan_1038,0.0
morgan_799,0.0
morgan_1036,0.0
morgan_1035,0.0
morgan_1034,0.0
morgan_1033,0.0
morgan_1032,0.0
morgan_1031,0.0
morgan_1030,0.0
morgan_1029,0.0
morgan_2000,0.0
morgan_2046,0.0
morgan_1026,0.0
morgan_1025,0.0
morgan_1024,0.0
morgan_1055,0.0
morgan_1054,0.0
morgan_1053,0.0
morgan_1052,0.0
morgan_1051,0.0
morgan_2045,0.0
morgan_1048,0.0
morgan_1047,0.0
morgan_1046,0.0
morgan_1044,0.0
morgan_1043,0.0
morgan_1042,0.0
morgan_1041,0.0
morgan_1040,0.0
morgan_1071,0.0
morgan_1070,0.0
morgan_1069,0.0
morgan_1068,0.0
morgan_1067,0.0
morgan_1066,0.0
morgan_1065,0.0
morgan_1064,0.0
morgan_1063,0.0
morgan_1062,0.0
morgan_1061,0.0
morgan_2043,0.0
morgan_1059,0.0
morgan_1058,0.0
morgan_2042,0.0
morgan_1056,0.0
morgan_1087,0.0
morgan_1086,0.0
morgan_2041,0.0
morgan_1084,0.0
morgan_1082,0.0
morgan_1081,0.0
morgan_1080,0.0
morgan_1079,0.0
morgan_1078,0.0
morgan_2040,0.0
morgan_1076,0.0
morgan_1075,0.0
morgan_1074,0.0
morgan_1073,0.0
morgan_1072,0.0
morgan_1103,0.0
morgan_1102,0.0
morgan_1101,0.0
morgan_1100,0.0
morgan_1099,0.0
morgan_1098,0.0
morgan_1097,0.0
morgan_1095,0.0
morgan_1094,0.0
morgan_1093,0.0
morgan_1092,0.0
morgan_1091,0.0
morgan_1090,0.0
morgan_1089,0.0
morgan_2039,0.0
morgan_1119,0.0
morgan_1118,0.0
morgan_1117,0.0
morgan_1116,0.0
morgan_1115,0.0
morgan_1113,0.0
morgan_1112,0.0
morgan_1111,0.0
morgan_1110,0.0
morgan_1109,0.0
morgan_1108,0.0
morgan_1107,0.0
morgan_1106,0.0
morgan_1105,0.0
morgan_2038,0.0
morgan_2037,0.0
morgan_1134,0.0
morgan_1133,0.0
morgan_1132,0.0
morgan_1131,0.0
morgan_1130,0.0
morgan_1129,0.0
morgan_1128,0.0
morgan_1127,0.0
morgan_1126,0.0
morgan_1125,0.0
morgan_1124,0.0
morgan_1123,0.0
morgan_1122,0.0
morgan_1121,0.0
morgan_1120,0.0
morgan_1151,0.0
morgan_1150,0.0
morgan_2036,0.0
morgan_1148,0.0
morgan_1147,0.0
morgan_1146,0.0
morgan_1144,0.0
morgan_1143,0.0
morgan_1142,0.0
morgan_1141,0.0
morgan_1140,0.0
morgan_1139,0.0
morgan_1138,0.0
morgan_1137,0.0
morgan_1136,0.0
morgan_1167,0.0
morgan_1166,0.0
morgan_1165,0.0
morgan_1161,0.0
morgan_2032,0.0
morgan_1159,0.0
morgan_1158,0.0
morgan_1157,0.0
morgan_1156,0.0
morgan_1155,0.0
morgan_1154,0.0
morgan_1153,0.0
high_rotatable_bonds_flag,0.0
morgan_1183,0.0
morgan_1182,0.0
morgan_1181,0.0
morgan_1180,0.0
morgan_1179,0.0
morgan_1178,0.0
morgan_1177,0.0
morgan_1176,0.0
morgan_1175,0.0
morgan_1174,0.0
morgan_1173,0.0
morgan_1172,0.0
high_hba_flag,0.0
morgan_1170,0.0
morgan_1169,0.0
morgan_1168,0.0
morgan_1198,0.0
morgan_1197,0.0
morgan_1196,0.0
morgan_1195,0.0
morgan_1194,0.0
morgan_1193,0.0
morgan_1192,0.0
morgan_1191,0.0
morgan_1190,0.0
morgan_1189,0.0
morgan_1188,0.0
morgan_1187,0.0
morgan_1186,0.0
morgan_1185,0.0
morgan_1184,0.0
morgan_1215,0.0
morgan_1214,0.0
morgan_1213,0.0
high_hbd_flag,0.0
high_logp_flag,0.0
morgan_1210,0.0
morgan_1209,0.0
high_mw_flag,0.0
morgan_1207,0.0
morgan_1206,0.0
morgan_1205,0.0
morgan_1204,0.0
morgan_1203,0.0
morgan_1202,0.0
morgan_1201,0.0
morgan_1200,0.0
morgan_1231,0.0
morgan_1230,0.0
morgan_1229,0.0
morgan_1228,0.0
morgan_1227,0.0
morgan_1226,0.0
morgan_1225,0.0
morgan_1224,0.0
morgan_1223,0.0
morgan_1222,0.0
morgan_1221,0.0
morgan_1220,0.0
morgan_1219,0.0
morgan_1218,0.0
morgan_1217,0.0
morgan_1216,0.0
morgan_1247,0.0
morgan_1246,0.0
morgan_1245,0.0
morgan_1244,0.0
morgan_1243,0.0
morgan_1242,0.0
morgan_1241,0.0
morgan_1240,0.0
morgan_1239,0.0
morgan_1238,0.0
morgan_1237,0.0
morgan_1236,0.0
morgan_1235,0.0
morgan_1234,0.0
morgan_1233,0.0
morgan_1232,0.0
morgan_1263,0.0
morgan_1262,0.0
morgan_1261,0.0
morgan_1260,0.0
morgan_1259,0.0
morgan_1258,0.0
morgan_1257,0.0
morgan_1256,0.0
morgan_1255,0.0
morgan_1254,0.0
morgan_1253,0.0
morgan_1252,0.0
morgan_1251,0.0
morgan_1250,0.0
morgan_1249,0.0
morgan_1248,0.0
morgan_1279,0.0
morgan_1278,0.0
morgan_1277,0.0
morgan_1276,0.0
morgan_1275,0.0
morgan_1274,0.0
morgan_1273,0.0
morgan_1272,0.0
morgan_1271,0.0
morgan_1270,0.0
morgan_1269,0.0
morgan_1268,0.0
morgan_1267,0.0
morgan_1266,0.0
morgan_1265,0.0
morgan_1264,0.0
morgan_1295,0.0
morgan_1294,0.0
morgan_1293,0.0
formal_charge,0.0
morgan_1291,0.0
morgan_1290,0.0
morgan_1289,0.0
morgan_1288,0.0
morgan_1037,0.0
morgan_1286,0.0
morgan_1285,0.0
morgan_1284,0.0
morgan_1283,0.0
morgan_1282,0.0
morgan_1281,0.0
morgan_1280,0.0
morgan_1311,0.0
morgan_1310,0.0
morgan_1309,0.0
morgan_1308,0.0
morgan_1307,0.0
morgan_1306,0.0
morgan_1305,0.0
morgan_1304,0.0
morgan_1303,0.0
morgan_1302,0.0
morgan_1301,0.0
morgan_1300,0.0
morgan_1299,0.0
morgan_1298,0.0
morgan_1296,0.0
morgan_1327,0.0
morgan_1326,0.0
morgan_35,0.0
morgan_1324,0.0
morgan_1323,0.0
morgan_1322,0.0
morgan_1321,0.0
morgan_1320,0.0
morgan_1319,0.0
morgan_1318,0.0
morgan_1317,0.0
morgan_1316,0.0
morgan_1315,0.0
morgan_1314,0.0
morgan_1313,0.0
morgan_1312,0.0
morgan_1343,0.0
morgan_1342,0.0
morgan_1341,0.0
morgan_1340,0.0
morgan_1339,0.0
morgan_1338,0.0
morgan_1337,0.0
morgan_1336,0.0
morgan_1335,0.0
morgan_1334,0.0
morgan_1333,0.0
morgan_1332,0.0
morgan_1331,0.0
morgan_1330,0.0
morgan_1329,0.0
morgan_34,0.0
morgan_1359,0.0
morgan_1358,0.0
morgan_33,0.0
morgan_1356,0.0
morgan_1355,0.0
morgan_1354,0.0
morgan_1353,0.0
morgan_1352,0.0
morgan_1351,0.0
morgan_1350,0.0
morgan_1349,0.0
morgan_1348,0.0
morgan_3,0.0
morgan_2,0.0
morgan_32,0.0
morgan_0,0.0
morgan_31,0.0
morgan_30,0.0
morgan_29,0.0
morgan_28,0.0
morgan_27,0.0
morgan_26,0.0
morgan_25,0.0
morgan_24,0.0
morgan_23,0.0
morgan_22,0.0
morgan_21,0.0
morgan_20,0.0
morgan_1347,0.0
morgan_1346,0.0
morgan_1375,0.0
morgan_1374,0.0
morgan_1373,0.0
morgan_1372,0.0
morgan_1371,0.0
morgan_1370,0.0
morgan_1369,0.0
morgan_1368,0.0
morgan_1367,0.0
morgan_1366,0.0
morgan_1365,0.0
morgan_1364,0.0
morgan_1363,0.0
morgan_1362,0.0
morgan_1361,0.0
morgan_1360,0.0
morgan_1391,0.0
morgan_1390,0.0
morgan_1389,0.0
morgan_1388,0.0
morgan_1387,0.0
morgan_1386,0.0
morgan_63,0.0
morgan_1384,0.0
morgan_1383,0.0
morgan_1382,0.0
morgan_1381,0.0
morgan_1380,0.0
morgan_1379,0.0
morgan_1378,0.0
morgan_1377,0.0
morgan_1376,0.0
morgan_1407,0.0
morgan_1406,0.0
morgan_1404,0.0
morgan_1403,0.0
morgan_1402,0.0
morgan_1401,0.0
morgan_1400,0.0
morgan_1399,0.0
morgan_1398,0.0
morgan_1397,0.0
morgan_1396,0.0
morgan_1395,0.0
morgan_1394,0.0
morgan_1393,0.0
morgan_1392,0.0
morgan_1423,0.0
morgan_62,0.0
morgan_1421,0.0
morgan_1420,0.0
morgan_1419,0.0
morgan_1418,0.0
morgan_1417,0.0
morgan_1416,0.0
morgan_1415,0.0
morgan_1414,0.0
morgan_1413,0.0
morgan_1412,0.0
morgan_1411,0.0
morgan_61,0.0
morgan_1409,0.0
morgan_1408,0.0
morgan_1439,0.0
morgan_1438,0.0
morgan_1437,0.0
morgan_1435,0.0
morgan_1434,0.0
morgan_1433,0.0
morgan_1432,0.0
morgan_1431,0.0
morgan_60,0.0
morgan_1429,0.0
morgan_1428,0.0
morgan_1427,0.0
morgan_1426,0.0
morgan_1425,0.0
morgan_1424,0.0
morgan_1455,0.0
morgan_1454,0.0
morgan_1453,0.0
morgan_59,0.0
morgan_1451,0.0
morgan_1450,0.0
morgan_1449,0.0
morgan_1448,0.0
morgan_1447,0.0
morgan_1446,0.0
morgan_1445,0.0
morgan_1444,0.0
morgan_1443,0.0
morgan_1442,0.0
morgan_1441,0.0
morgan_58,0.0
morgan_1471,0.0
morgan_57,0.0
morgan_1469,0.0
morgan_1468,0.0
morgan_1467,0.0
morgan_1466,0.0
morgan_1465,0.0
morgan_1464,0.0
morgan_1463,0.0
morgan_1462,0.0
morgan_1461,0.0
morgan_1460,0.0
morgan_1459,0.0
morgan_1458,0.0
morgan_56,0.0
morgan_55,0.0
morgan_1487,0.0
morgan_1486,0.0
morgan_1485,0.0
morgan_1484,0.0
morgan_1483,0.0
morgan_1482,0.0
morgan_1481,0.0
morgan_54,0.0
morgan_1479,0.0
morgan_1478,0.0
morgan_1477,0.0
morgan_1475,0.0
morgan_1474,0.0
morgan_1473,0.0
morgan_1472,0.0
morgan_1503,0.0
morgan_1502,0.0
morgan_1501,0.0
morgan_1500,0.0
morgan_1499,0.0
morgan_1498,0.0
morgan_1497,0.0
morgan_1496,0.0
morgan_1495,0.0
morgan_1494,0.0
morgan_1493,0.0
morgan_1492,0.0
morgan_1491,0.0
morgan_1490,0.0
morgan_1489,0.0
morgan_1488,0.0
morgan_53,0.0
morgan_1518,0.0
morgan_52,0.0
morgan_1516,0.0
morgan_1515,0.0
morgan_1514,0.0
morgan_1513,0.0
morgan_1512,0.0
morgan_1511,0.0
morgan_1510,0.0
morgan_1509,0.0
morgan_51,0.0
morgan_1507,0.0
morgan_1506,0.0
morgan_1505,0.0
morgan_1504,0.0
morgan_1535,0.0
morgan_1534,0.0
morgan_1533,0.0
morgan_1532,0.0
morgan_1531,0.0
morgan_1530,0.0
morgan_1529,0.0
morgan_1528,0.0
morgan_1527,0.0
morgan_1526,0.0
morgan_1525,0.0
morgan_1523,0.0
morgan_1522,0.0
morgan_1521,0.0
morgan_1520,0.0
morgan_1551,0.0
morgan_1550,0.0
morgan_1549,0.0
morgan_1548,0.0
morgan_1547,0.0
morgan_1546,0.0
morgan_1545,0.0
morgan_1544,0.0
morgan_1543,0.0
morgan_50,0.0
morgan_1541,0.0
morgan_1540,0.0
morgan_1539,0.0
morgan_1538,0.0
morgan_1537,0.0
morgan_1536,0.0
morgan_1567,0.0
morgan_1566,0.0
morgan_1565,0.0
morgan_1563,0.0
morgan_1562,0.0
morgan_1561,0.0
morgan_1559,0.0
morgan_1558,0.0
morgan_1557,0.0
morgan_1556,0.0
morgan_1555,0.0
morgan_1554,0.0
morgan_1553,0.0
morgan_1552,0.0
morgan_1583,0.0
morgan_1582,0.0
morgan_1581,0.0
morgan_1580,0.0
morgan_1579,0.0
morgan_1578,0.0
morgan_1577,0.0
morgan_1576,0.0
morgan_1575,0.0
morgan_1574,0.0
morgan_1573,0.0
morgan_1572,0.0
morgan_1571,0.0
morgan_1570,0.0
morgan_1569,0.0
morgan_1568,0.0
morgan_1599,0.0
morgan_1598,0.0
morgan_1597,0.0
morgan_1596,0.0
morgan_1595,0.0
morgan_1594,0.0
morgan_1593,0.0
morgan_1592,0.0
morgan_1591,0.0
morgan_1590,0.0
morgan_1589,0.0
morgan_1588,0.0
morgan_1587,0.0
morgan_1586,0.0
morgan_1585,0.0
morgan_1584,0.0
morgan_1615,0.0
morgan_1614,0.0
morgan_1613,0.0
morgan_1612,0.0
morgan_1611,0.0
morgan_1610,0.0
morgan_1609,0.0
morgan_1608,0.0
morgan_1607,0.0
morgan_1606,0.0
morgan_1605,0.0
morgan_49,0.0
morgan_1602,0.0
morgan_1601,0.0
morgan_1600,0.0
morgan_1631,0.0
morgan_1630,0.0
morgan_1629,0.0
morgan_1628,0.0
morgan_1626,0.0
morgan_1625,0.0
morgan_1624,0.0
morgan_1623,0.0
morgan_1622,0.0
morgan_1621,0.0
morgan_1620,0.0
morgan_1619,0.0
morgan_1618,0.0
morgan_1617,0.0
morgan_1616,0.0
morgan_1647,0.0
morgan_1646,0.0
morgan_1645,0.0
morgan_1644,0.0
morgan_1643,0.0
morgan_1642,0.0
morgan_1641,0.0
morgan_1640,0.0
morgan_1639,0.0
morgan_1638,0.0
morgan_1637,0.0
morgan_1636,0.0
morgan_1635,0.0
morgan_48,0.0
morgan_1633,0.0
morgan_1632,0.0
morgan_1663,0.0
morgan_1662,0.0
morgan_1661,0.0
morgan_1660,0.0
morgan_1659,0.0
morgan_1658,0.0
morgan_1657,0.0
morgan_1656,0.0
morgan_1655,0.0
morgan_1654,0.0
morgan_1653,0.0
morgan_1652,0.0
morgan_1651,0.0
morgan_1650,0.0
morgan_1649,0.0
morgan_1648,0.0
morgan_1679,0.0
morgan_1678,0.0
morgan_1677,0.0
morgan_79,0.0
morgan_1675,0.0
morgan_1674,0.0
morgan_1673,0.0
morgan_1672,0.0
morgan_1671,0.0
morgan_1670,0.0
morgan_1669,0.0
morgan_1668,0.0
morgan_1667,0.0
morgan_1666,0.0
morgan_1665,0.0
morgan_1664,0.0
morgan_1695,0.0
morgan_1694,0.0
morgan_1692,0.0
morgan_1691,0.0
morgan_1690,0.0
morgan_1689,0.0
morgan_1688,0.0
morgan_1687,0.0
morgan_1686,0.0
morgan_1685,0.0
morgan_1684,0.0
morgan_78,0.0
morgan_1682,0.0
morgan_1681,0.0
morgan_1680,0.0
morgan_1711,0.0
morgan_1710,0.0
morgan_1709,0.0
morgan_1708,0.0
morgan_1707,0.0
morgan_1706,0.0
morgan_1705,0.0
morgan_1704,0.0
morgan_1703,0.0
morgan_1702,0.0
morgan_1701,0.0
morgan_1700,0.0
morgan_1699,0.0
morgan_1698,0.0
morgan_77,0.0
morgan_1696,0.0
morgan_1727,0.0
morgan_1726,0.0
morgan_1725,0.0
morgan_1724,0.0
morgan_1723,0.0
morgan_76,0.0
morgan_1721,0.0
morgan_1720,0.0
morgan_1719,0.0
morgan_1718,0.0
morgan_1717,0.0
morgan_1716,0.0
morgan_1715,0.0
morgan_1714,0.0
morgan_1713,0.0
morgan_1712,0.0
morgan_1743,0.0
morgan_1742,0.0
morgan_1741,0.0
morgan_1740,0.0
morgan_1739,0.0
morgan_75,0.0
morgan_74,0.0
morgan_1736,0.0
morgan_1735,0.0
morgan_1734,0.0
morgan_73,0.0
morgan_1732,0.0
morgan_1731,0.0
morgan_1730,0.0
morgan_1729,0.0
morgan_1728,0.0
morgan_1759,0.0
morgan_1758,0.0
morgan_1757,0.0
morgan_1756,0.0
morgan_1755,0.0
morgan_1753,0.0
morgan_1752,0.0
morgan_1751,0.0
morgan_1749,0.0
morgan_1748,0.0
morgan_1746,0.0
morgan_1745,0.0
morgan_1744,0.0
morgan_1775,0.0
morgan_1774,0.0
morgan_1773,0.0
morgan_1772,0.0
morgan_1771,0.0
morgan_1770,0.0
morgan_1769,0.0
morgan_1768,0.0
morgan_1767,0.0
morgan_1766,0.0
morgan_1765,0.0
morgan_1764,0.0
morgan_1763,0.0
morgan_1762,0.0
morgan_1761,0.0
morgan_1760,0.0
morgan_72,0.0
morgan_1790,0.0
morgan_1789,0.0
morgan_1788,0.0
morgan_1787,0.0
morgan_1786,0.0
morgan_1785,0.0
morgan_1784,0.0
morgan_71,0.0
morgan_1782,0.0
morgan_1781,0.0
morgan_1780,0.0
morgan_1779,0.0
morgan_1778,0.0
morgan_1777,0.0
morgan_1776,0.0
morgan_1807,0.0
morgan_1806,0.0
morgan_1805,0.0
morgan_1804,0.0
morgan_1803,0.0
morgan_70,0.0
morgan_1801,0.0
morgan_1800,0.0
morgan_1799,0.0
morgan_1798,0.0
morgan_1797,0.0
morgan_1796,0.0
morgan_1795,0.0
morgan_1794,0.0
morgan_1793,0.0
morgan_1792,0.0
morgan_1823,0.0
morgan_1822,0.0
morgan_1821,0.0
morgan_1820,0.0
morgan_69,0.0
morgan_1818,0.0
morgan_1817,0.0
morgan_1816,0.0
morgan_1815,0.0
morgan_1814,0.0
morgan_1813,0.0
morgan_1812,0.0
morgan_1811,0.0
morgan_68,0.0
morgan_1809,0.0
morgan_1808,0.0
morgan_1839,0.0
morgan_1838,0.0
morgan_1837,0.0
morgan_1836,0.0
morgan_1835,0.0
morgan_1834,0.0
morgan_1833,0.0
morgan_1832,0.0
morgan_1831,0.0
morgan_1830,0.0
morgan_1829,0.0
morgan_1828,0.0
morgan_1827,0.0
morgan_1826,0.0
morgan_1825,0.0
morgan_1824,0.0
morgan_67,0.0
morgan_66,0.0
morgan_65,0.0
morgan_1852,0.0
morgan_64,0.0
morgan_1850,0.0
morgan_95,0.0
morgan_1848,0.0
morgan_93,0.0
morgan_1846,0.0
morgan_1845,0.0
morgan_91,0.0
morgan_1843,0.0
morgan_90,0.0
morgan_1841,0.0
morgan_1840,0.0
morgan_1871,0.0
morgan_1870,0.0
morgan_1869,0.0
morgan_1868,0.0
morgan_1867,0.0
morgan_89,0.0
morgan_1865,0.0
morgan_1864,0.0
morgan_1863,0.0
morgan_1862,0.0
morgan_1861,0.0
morgan_1860,0.0
morgan_1858,0.0
morgan_1857,0.0
morgan_1856,0.0
morgan_1887,0.0
morgan_1886,0.0
morgan_88,0.0
morgan_1884,0.0
morgan_1883,0.0
morgan_1882,0.0
morgan_1881,0.0
morgan_1880,0.0
morgan_87,0.0
morgan_1878,0.0
morgan_1877,0.0
morgan_86,0.0
morgan_1875,0.0
morgan_1874,0.0
morgan_1873,0.0
morgan_1872,0.0
morgan_1903,0.0
morgan_1902,0.0
morgan_1901,0.0
morgan_1900,0.0
morgan_1899,0.0
morgan_1898,0.0
morgan_1897,0.0
morgan_1896,0.0
morgan_1895,0.0
morgan_1894,0.0
morgan_1893,0.0
morgan_1892,0.0
morgan_1891,0.0
morgan_1890,0.0
morgan_1889,0.0
morgan_1888,0.0
morgan_1919,0.0
morgan_1918,0.0
morgan_85,0.0
morgan_1916,0.0
morgan_84,0.0
morgan_1914,0.0
morgan_1913,0.0
morgan_1912,0.0
morgan_83,0.0
morgan_81,0.0
morgan_1909,0.0
morgan_1907,0.0
morgan_1906,0.0
morgan_1905,0.0
morgan_1904,0.0
morgan_1935,0.0
morgan_1934,0.0
morgan_1933,0.0
morgan_1932,0.0
morgan_1931,0.0
morgan_1930,0.0
morgan_1929,0.0
morgan_111,0.0
morgan_1927,0.0
morgan_1926,0.0
morgan_1925,0.0
morgan_1924,0.0
morgan_1923,0.0
morgan_1922,0.0
morgan_110,0.0
morgan_1920,0.0
morgan_109,0.0
morgan_1950,0.0
morgan_1949,0.0
morgan_1948,0.0
morgan_1947,0.0
morgan_1946,0.0
morgan_1945,0.0
morgan_1944,0.0
morgan_1943,0.0
morgan_1942,0.0
morgan_1941,0.0
morgan_1940,0.0
morgan_1939,0.0
morgan_1938,0.0
morgan_108,0.0
morgan_1936,0.0
morgan_1967,0.0
morgan_1966,0.0
morgan_1965,0.0
morgan_1964,0.0
morgan_1963,0.0
morgan_1962,0.0
morgan_1961,0.0
morgan_1960,0.0
morgan_1959,0.0
morgan_1958,0.0
morgan_1957,0.0
morgan_1956,0.0
morgan_1955,0.0
morgan_1954,0.0
morgan_1953,0.0
morgan_1952,0.0
morgan_1983,0.0
morgan_1982,0.0
morgan_1981,0.0
morgan_1980,0.0
morgan_1979,0.0
morgan_1977,0.0
morgan_1976,0.0
morgan_1975,0.0
morgan_1974,0.0
morgan_1973,0.0
morgan_1972,0.0
morgan_1971,0.0
morgan_107,0.0
morgan_1969,0.0
morgan_1968,0.0
morgan_1999,0.0
morgan_1998,0.0
morgan_1997,0.0
morgan_1996,0.0
morgan_1995,0.0
morgan_1994,0.0
morgan_1993,0.0
morgan_1992,0.0
morgan_1991,0.0
morgan_1990,0.0
morgan_1989,0.0
morgan_1988,0.0
morgan_1987,0.0
morgan_1986,0.0
morgan_1985,0.0
morgan_105,0.0
morgan_2015,0.0
morgan_2014,0.0
morgan_2013,0.0
morgan_2012,0.0
morgan_2011,0.0
morgan_2010,0.0
morgan_2009,0.0
morgan_2008,0.0
morgan_2007,0.0
morgan_2006,0.0
morgan_2005,0.0
morgan_2004,0.0
morgan_2019,0.0
morgan_2018,0.0
morgan_2017,0.0
morgan_2047,0.0
morgan_2031,0.0
morgan_2030,0.0
morgan_2029,0.0
morgan_2028,0.0
morgan_2027,0.0
morgan_2026,0.0
morgan_2025,0.0
morgan_2024,0.0
morgan_2023,0.0
morgan_2022,0.0
morgan_2021,0.0
morgan_2020,0.0
morgan_2035,0.0
morgan_2034,0.0
morgan_2033,0.0
morgan_2016,0.0
morgan_15,0.0
morgan_14,0.0
morgan_13,0.0
morgan_12,0.0
morgan_11,0.0
morgan_10,0.0
morgan_9,0.0
morgan_8,0.0
morgan_7,0.0
morgan_6,0.0
morgan_104,0.0
morgan_103,0.0
morgan_2003,0.0
morgan_2002,0.0
morgan_2001,0.0
